{"South America":{"GDP_2012":806.839966,"POPULATION_2012":2453.75},"Oceania":{"GDP_2012":1555.26,"POPULATION_2012":22.92},"North America":{"GDP_2012":2264.18,"POPULATION_2012":17376.55},"Asia":{"GDP_2012":10375.2295,"POPULATION_2012":14827.6006},"Europe":{"GDP_2012":2886.51978,"POPULATION_2012":8305.16},"Africa":{"GDP_2012":397.39,"POPULATION_2012":52.34}}